agent,tier,confidence,rationale_text
"1,3 butadiene",EST,high,"You may have been exposed to a chemical used in rubber and plastics manufacturing, classified as a known human carcinogen. Based on your answers, your exposure is likely to be above the exposure limit. This is an estimate from what you told us, not a measurement. This is a recognised occupational hazard."
Acid mists,IRR,high,"You may have been exposed to airborne droplets of acidic solutions, a respiratory and eye irritant. Based on your answers, your exposure is likely to be above the exposure limit. This is an estimate from what you told us, not a measurement. Effects from this kind of substance generally depend on how concentrated and how frequent the exposure is."
Acrylamide,EST,high,"You may have been exposed to a chemical used in some manufacturing, classified as a probable human carcinogen and nerve toxin. Based on your answers, your exposure is likely to be above the exposure limit. This is an estimate from what you told us, not a measurement. This is a recognised occupational hazard."
Arsenic,EST,high,"You may have been exposed to a metal encountered in some industrial processes, classified as a known human carcinogen. Based on your answers, your exposure is likely to be above the exposure limit. This is an estimate from what you told us, not a measurement. This is a recognised occupational hazard."
Artificial UV,EST,high,"You may have been exposed to ultraviolet light from artificial sources such as welding or UV lamps, a recognised cause of skin and eye damage including cancer with cumulative exposure. Based on your answers, your exposure is likely to be above the exposure limit. This is an estimate from what you told us, not a measurement. This is a recognised occupational hazard."
Asbestos,EST,high,"You may have been exposed to a mineral fibre once widely used in building materials, classified as a known human carcinogen. Based on your answers, your exposure is likely to be above the exposure limit. This is an estimate from what you told us, not a measurement. This is a recognised occupational hazard."
Asbestos Aust,EST,high,"You may have been exposed to a mineral fibre once widely used in building materials, classified as a known human carcinogen. Based on your answers, your exposure is likely to be above the exposure limit. This is an estimate from what you told us, not a measurement. This is a recognised occupational hazard."
Benzene,EST,high,"You may have been exposed to a solvent found in fuels and some industrial processes, classified as a known human carcinogen. Based on your answers, your exposure is likely to be above the exposure limit. This is an estimate from what you told us, not a measurement. This is a recognised occupational hazard."
Beryllium,EST,high,"You may have been exposed to a metal used in some manufacturing and electronics, classified as a known human carcinogen and cause of chronic lung disease. Based on your answers, your exposure is likely to be above the exposure limit. This is an estimate from what you told us, not a measurement. This is a recognised occupational hazard."
Bushfire smoke,UNC,medium,"You may have been exposed to smoke from bushfires, a complex mixture whose long-term health effects are still an active area of research. Based on your answers, your exposure is likely to be above the exposure limit. This is an estimate from what you told us, not a measurement. Evidence on the health effects of this substance is still developing."
Cadmium,EST,high,"You may have been exposed to a metal used in some manufacturing such as batteries or coatings, classified as a known human carcinogen. Based on your answers, your exposure is likely to be above the exposure limit. This is an estimate from what you told us, not a measurement. This is a recognised occupational hazard."
Carbamate,UNC,low,"You may have been exposed to a class of pesticide; evidence on long-term health effects varies by the specific compound. Based on your answers, your exposure is likely to be above the exposure limit. This is an estimate from what you told us, not a measurement. Evidence on the health effects of this substance is still developing."
Carbon Disulphide,EST,medium,"You may have been exposed to a solvent used in some manufacturing, a recognised cause of serious nervous system and cardiovascular effects with sustained exposure. Based on your answers, your exposure is likely to be above the exposure limit. This is an estimate from what you told us, not a measurement. This is a recognised occupational hazard."
Carbon Monoxide,ACUTE,high,"You may have been exposed to a gas from combustion sources, capable of serious acute poisoning at high concentrations. Based on your answers, your exposure is likely to be above the exposure limit. This is an estimate from what you told us, not a measurement. This substance can cause serious short-term effects at high concentrations."
Chromium VI,EST,high,"You may have been exposed to a form of chromium used in some manufacturing such as plating or welding, classified as a known human carcinogen. Based on your answers, your exposure is likely to be above the exposure limit. This is an estimate from what you told us, not a measurement. This is a recognised occupational hazard."
Cobalt,EST,medium,"You may have been exposed to a metal used in some manufacturing such as hard-metal tooling or batteries, linked to lung disease and classified as a possible human carcinogen. Based on your answers, your exposure is likely to be above the exposure limit. This is an estimate from what you told us, not a measurement. This is a recognised occupational hazard."
Cotton Dust,BIO,high,"You may have been exposed to dust from raw cotton processing, a recognised cause of occupational respiratory disease (byssinosis). Based on your answers, your exposure is likely to be above the exposure limit. This is an estimate from what you told us, not a measurement. Reactions to this kind of exposure vary between people, and some people develop sensitivity after repeated contact."
Diesel Exhaust,EST,high,"You may have been exposed to exhaust from diesel engines, classified as a known human carcinogen. Based on your answers, your exposure is likely to be above the exposure limit. This is an estimate from what you told us, not a measurement. This is a recognised occupational hazard."
diethyl/dimethyl sulphate,EST,medium,"You may have been exposed to reactive chemicals used in some manufacturing, classified as probable human carcinogens. Based on your answers, your exposure is likely to be above the exposure limit. This is an estimate from what you told us, not a measurement. This is a recognised occupational hazard."
Environmental Tobacco Smoke,EST,high,"You may have been exposed to secondhand tobacco smoke, classified as a known human carcinogen. Based on your answers, your exposure is likely to be above the exposure limit. This is an estimate from what you told us, not a measurement. This is a recognised occupational hazard."
Epichlorhydrin,EST,medium,"You may have been exposed to a chemical used in some manufacturing such as epoxy resins, classified as a probable human carcinogen. Based on your answers, your exposure is likely to be above the exposure limit. This is an estimate from what you told us, not a measurement. This is a recognised occupational hazard."
Ethyl Benzene,EST,medium,"You may have been exposed to a solvent used in some manufacturing, classified as a possible human carcinogen. Based on your answers, your exposure is likely to be above the exposure limit. This is an estimate from what you told us, not a measurement. This is a recognised occupational hazard."
Ethylene oxide,EST,high,"You may have been exposed to a gas used in sterilisation and some manufacturing, classified as a known human carcinogen. Based on your answers, your exposure is likely to be above the exposure limit. This is an estimate from what you told us, not a measurement. This is a recognised occupational hazard."
ETS incl vapes,EST,medium,"You may have been exposed to secondhand tobacco smoke or vape aerosol; tobacco smoke is a known human carcinogen, while evidence on vape aerosol is comparatively newer and still developing. Based on your answers, your exposure is likely to be above the exposure limit. This is an estimate from what you told us, not a measurement. This is a recognised occupational hazard."
Formaldehyde,EST,high,"You may have been exposed to a chemical used in some manufacturing and building materials, classified as a known human carcinogen. Based on your answers, your exposure is likely to be above the exposure limit. This is an estimate from what you told us, not a measurement. This is a recognised occupational hazard."
Glyphosate,UNC,medium,"You may have been exposed to a widely used herbicide; international health authorities differ on its cancer risk classification, and evidence is still debated. Based on your answers, your exposure is likely to be above the exposure limit. This is an estimate from what you told us, not a measurement. Evidence on the health effects of this substance is still developing."
Heat at work,PHYS,high,"You may have been exposed to working in hot conditions, a recognised cause of heat stress and related illness, with risk depending on duration and intensity. Based on your answers, your exposure is likely to be above the exposure limit. This is an estimate from what you told us, not a measurement. Effects from this kind of exposure generally depend on how intense it is and how long it lasts."
Ionizing radiation,EST,high,"You may have been exposed to radiation from sources such as X-rays or radioactive materials, classified as a known human carcinogen. Based on your answers, your exposure is likely to be above the exposure limit. This is an estimate from what you told us, not a measurement. This is a recognised occupational hazard."
Isocyanates,BIO,high,"You may have been exposed to chemicals used in some manufacturing such as spray painting or foam production, a leading cause of occupational asthma and a possible carcinogen. Based on your answers, your exposure is likely to be above the exposure limit. This is an estimate from what you told us, not a measurement. Reactions to this kind of exposure vary between people, and some people develop sensitivity after repeated contact."
Lead,EST,high,"You may have been exposed to a metal used in some manufacturing, a recognised cause of serious effects on the nervous system, kidneys and reproductive health. Based on your answers, your exposure is likely to be above the exposure limit. This is an estimate from what you told us, not a measurement. This is a recognised occupational hazard."
Leather dust,EST,medium,"You may have been exposed to dust from leather processing, linked to an increased risk of nasal cancer in some studies. Based on your answers, your exposure is likely to be above the exposure limit. This is an estimate from what you told us, not a measurement. This is a recognised occupational hazard."
Light at night,PHYS,medium,"You may have been exposed to exposure to light during normal sleeping hours, such as from night shift work, associated with circadian disruption; international health authorities classify shift work involving this as a probable carcinogen. Based on your answers, your exposure is likely to be above the exposure limit. This is an estimate from what you told us, not a measurement. Effects from this kind of exposure generally depend on how intense it is and how long it lasts."
Mercury,EST,high,"You may have been exposed to a metal used in some industrial processes, a recognised cause of serious nervous system effects. Based on your answers, your exposure is likely to be above the exposure limit. This is an estimate from what you told us, not a measurement. This is a recognised occupational hazard."
Methyl bromide,EST,medium,"You may have been exposed to a fumigant gas, capable of serious acute toxicity and nervous system effects. Based on your answers, your exposure is likely to be above the exposure limit. This is an estimate from what you told us, not a measurement. This is a recognised occupational hazard."
Methylene chloride,EST,medium,"You may have been exposed to a solvent used in some manufacturing, classified as a probable human carcinogen. Based on your answers, your exposure is likely to be above the exposure limit. This is an estimate from what you told us, not a measurement. This is a recognised occupational hazard."
Mineral Oils,UNC,medium,"You may have been exposed to petroleum-based oils used in manufacturing; historically linked to skin cancer with prolonged untreated exposure, though modern refined oils carry lower risk and evidence varies by oil type. Based on your answers, your exposure is likely to be above the exposure limit. This is an estimate from what you told us, not a measurement. Evidence on the health effects of this substance is still developing."
MOCA,EST,medium,"You may have been exposed to a chemical used in some polyurethane manufacturing, classified as a probable human carcinogen. Based on your answers, your exposure is likely to be above the exposure limit. This is an estimate from what you told us, not a measurement. This is a recognised occupational hazard."
n-hexane,EST,high,"You may have been exposed to a solvent used in some manufacturing, a recognised cause of nerve damage with prolonged exposure. Based on your answers, your exposure is likely to be above the exposure limit. This is an estimate from what you told us, not a measurement. This is a recognised occupational hazard."
Nickel,EST,high,"You may have been exposed to a metal used in some manufacturing such as plating or welding, with some compounds classified as known human carcinogens. Based on your answers, your exposure is likely to be above the exposure limit. This is an estimate from what you told us, not a measurement. This is a recognised occupational hazard."
Nitrosamines,EST,medium,"You may have been exposed to chemicals that can form in some industrial processes, classified as probable human carcinogens. Based on your answers, your exposure is likely to be above the exposure limit. This is an estimate from what you told us, not a measurement. This is a recognised occupational hazard."
noise2,PHYS,high,"You may have been exposed to occupational noise exposure, a recognised cause of hearing damage that depends on volume and duration. Based on your answers, your exposure is likely to be above the exposure limit. This is an estimate from what you told us, not a measurement. Effects from this kind of exposure generally depend on how intense it is and how long it lasts."
Ocular UV AU,EST,high,"You may have been exposed to ultraviolet light exposure to the eyes, a recognised cause of eye damage including cataracts. Based on your answers, your exposure is likely to be above the exposure limit. This is an estimate from what you told us, not a measurement. This is a recognised occupational hazard."
Ocular UV EU,EST,high,"You may have been exposed to ultraviolet light exposure to the eyes, a recognised cause of eye damage including cataracts. Based on your answers, your exposure is likely to be above the exposure limit. This is an estimate from what you told us, not a measurement. This is a recognised occupational hazard."
Organophosphates,ACUTE,high,"You may have been exposed to a class of pesticides, capable of serious acute nervous system effects. Based on your answers, your exposure is likely to be above the exposure limit. This is an estimate from what you told us, not a measurement. This substance can cause serious short-term effects at high concentrations."
Ortho-toluidine,EST,medium,"You may have been exposed to a chemical used in some dye and rubber manufacturing, classified as a known human carcinogen. Based on your answers, your exposure is likely to be above the exposure limit. This is an estimate from what you told us, not a measurement. This is a recognised occupational hazard."
Other PAHs,EST,high,"You may have been exposed to polycyclic aromatic hydrocarbons formed by combustion, such as in coal, tar or soot, several classified as known or probable human carcinogens. Based on your answers, your exposure is likely to be above the exposure limit. This is an estimate from what you told us, not a measurement. This is a recognised occupational hazard."
p-xylene,UNC,high,"You may have been exposed to a solvent found in fuels, such as during vehicle refuelling, and some industrial processes; it is not classified as a carcinogen, and evidence on health effects at low, brief exposure levels is still developing. Based on your answers, your exposure is likely to be above the exposure limit. This is an estimate from what you told us, not a measurement. Evidence on the health effects of this substance is still developing."
Phase shift,PHYS,medium,"You may have been exposed to circadian disruption from shift work involving changing shift times, classified by international health authorities as a probable carcinogen, alongside other health effects. Based on your answers, your exposure is likely to be above the exposure limit. This is an estimate from what you told us, not a measurement. Effects from this kind of exposure generally depend on how intense it is and how long it lasts."
Phenoxy Herbicides,UNC,medium,"You may have been exposed to a class of herbicides; evidence on cancer risk is debated and varies by specific compound. Based on your answers, your exposure is likely to be above the exposure limit. This is an estimate from what you told us, not a measurement. Evidence on the health effects of this substance is still developing."
Shiftwork,PHYS,medium,"You may have been exposed to working outside standard daytime hours, associated with circadian disruption; international health authorities classify shift work as a probable carcinogen, alongside other health effects. Based on your answers, your exposure is likely to be above the exposure limit. This is an estimate from what you told us, not a measurement. Effects from this kind of exposure generally depend on how intense it is and how long it lasts."
Silica,EST,high,"You may have been exposed to crystalline silica dust from cutting, grinding or drilling into materials like concrete, classified as a known human carcinogen and cause of silicosis. Based on your answers, your exposure is likely to be above the exposure limit. This is an estimate from what you told us, not a measurement. This is a recognised occupational hazard."
Sleep disturbances,PHYS,medium,"You may have been exposed to disrupted sleep patterns, often linked to shift work, associated with a range of health effects. Based on your answers, your exposure is likely to be above the exposure limit. This is an estimate from what you told us, not a measurement. Effects from this kind of exposure generally depend on how intense it is and how long it lasts."
Solar UV AU,EST,high,"You may have been exposed to ultraviolet radiation from sunlight, classified as a known human carcinogen (skin cancer). Based on your answers, your exposure is likely to be above the exposure limit. This is an estimate from what you told us, not a measurement. This is a recognised occupational hazard."
Styrene,EST,medium,"You may have been exposed to a chemical used in plastics and resin manufacturing, classified as a possible human carcinogen. Based on your answers, your exposure is likely to be above the exposure limit. This is an estimate from what you told us, not a measurement. This is a recognised occupational hazard."
Tetrachloroethylene (PERC),EST,medium,"You may have been exposed to a solvent used in dry cleaning and some manufacturing, classified as a probable human carcinogen. Based on your answers, your exposure is likely to be above the exposure limit. This is an estimate from what you told us, not a measurement. This is a recognised occupational hazard."
Toluene,EST,high,"You may have been exposed to a solvent used in some manufacturing, a recognised cause of nervous system effects and, with heavy exposure, reproductive harm. Based on your answers, your exposure is likely to be above the exposure limit. This is an estimate from what you told us, not a measurement. This is a recognised occupational hazard."
Trichloroethylene,EST,high,"You may have been exposed to a solvent used in some manufacturing such as degreasing, classified as a known human carcinogen. Based on your answers, your exposure is likely to be above the exposure limit. This is an estimate from what you told us, not a measurement. This is a recognised occupational hazard."
Welding fumes,EST,high,"You may have been exposed to fumes produced during welding, classified as a known human carcinogen. Based on your answers, your exposure is likely to be above the exposure limit. This is an estimate from what you told us, not a measurement. This is a recognised occupational hazard."
Wood Dust,EST,high,"You may have been exposed to dust from wood processing, classified as a known human carcinogen, particularly from hardwoods. Based on your answers, your exposure is likely to be above the exposure limit. This is an estimate from what you told us, not a measurement. This is a recognised occupational hazard."
